Clause,Status,Explanation,Citation
Termination Notice,DEVIATION,Found notice period(s) 90 which deviates from 30 days.,"the timely completion of the Services.

Either party may terminate this agreement upon 90 days prior written notice."
Liability Cap,MATCH,Found 12 months fee cap matching standard position.,"ent upon 90 days prior written notice.

Total liability shall not exceed the total fees paid in the 12 months preceding the claim.

This agreement will not automatically renew."
Auto-Renewal,DEVIATION,Auto-renewal clause deviates from standard 60 days notice.,"greement will not automatically renew.

This provision shall be interpreted in accordance with standard industry practices. The Parties acknowledge that they have read and understood this section."
Governing Law,DEVIATION,Governing law is not Delaware.,"governed by the laws of California.

10. ENTIRE AGREEMENT: This Agreement constitutes the entire understanding between the Parties and supersedes all prior discussions, representations, and agreements"
